,Star_name,Distance,Mass,Radius
0,"['0.000−26.74', 'Sun', '', '0.000015813', 'G2', '1', '1', '1']","['0.003−0.74', 'Canopus', 'α Car', '0310', 'A9', '15', '71', '13,500']","['0.005−0.05', 'Arcturus', 'α Boo', '0037', 'K2', '1.1', '26', '170']","['0.03', 'Vega', 'α Lyr', '0025', 'A0', '2.2', '2.7', '50']"
1,"['0.000−26.74', 'Sun', '', '0.000015813', 'G2', '1', '1', '1']","['0.003−0.74', 'Canopus', 'α Car', '0310', 'A9', '15', '71', '13,500']","['0.005−0.05', 'Arcturus', 'α Boo', '0037', 'K2', '1.1', '26', '170']","['0.03', 'Vega', 'α Lyr', '0025', 'A0', '2.2', '2.7', '50']"
2,"['0.000−26.74', 'Sun', '', '0.000015813', 'G2', '1', '1', '1']","['0.003−0.74', 'Canopus', 'α Car', '0310', 'A9', '15', '71', '13,500']","['0.005−0.05', 'Arcturus', 'α Boo', '0037', 'K2', '1.1', '26', '170']","['0.03', 'Vega', 'α Lyr', '0025', 'A0', '2.2', '2.7', '50']"
3,"['0.000−26.74', 'Sun', '', '0.000015813', 'G2', '1', '1', '1']","['0.003−0.74', 'Canopus', 'α Car', '0310', 'A9', '15', '71', '13,500']","['0.005−0.05', 'Arcturus', 'α Boo', '0037', 'K2', '1.1', '26', '170']","['0.03', 'Vega', 'α Lyr', '0025', 'A0', '2.2', '2.7', '50']"
4,"['0.000−26.74', 'Sun', '', '0.000015813', 'G2', '1', '1', '1']","['0.003−0.74', 'Canopus', 'α Car', '0310', 'A9', '15', '71', '13,500']","['0.005−0.05', 'Arcturus', 'α Boo', '0037', 'K2', '1.1', '26', '170']","['0.03', 'Vega', 'α Lyr', '0025', 'A0', '2.2', '2.7', '50']"
5,"['0.000−26.74', 'Sun', '', '0.000015813', 'G2', '1', '1', '1']","['0.003−0.74', 'Canopus', 'α Car', '0310', 'A9', '15', '71', '13,500']","['0.005−0.05', 'Arcturus', 'α Boo', '0037', 'K2', '1.1', '26', '170']","['0.03', 'Vega', 'α Lyr', '0025', 'A0', '2.2', '2.7', '50']"
6,"['0.000−26.74', 'Sun', '', '0.000015813', 'G2', '1', '1', '1']","['0.003−0.74', 'Canopus', 'α Car', '0310', 'A9', '15', '71', '13,500']","['0.005−0.05', 'Arcturus', 'α Boo', '0037', 'K2', '1.1', '26', '170']","['0.03', 'Vega', 'α Lyr', '0025', 'A0', '2.2', '2.7', '50']"
7,"['0.000−26.74', 'Sun', '', '0.000015813', 'G2', '1', '1', '1']","['0.003−0.74', 'Canopus', 'α Car', '0310', 'A9', '15', '71', '13,500']","['0.005−0.05', 'Arcturus', 'α Boo', '0037', 'K2', '1.1', '26', '170']","['0.03', 'Vega', 'α Lyr', '0025', 'A0', '2.2', '2.7', '50']"
8,"['0.000−26.74', 'Sun', '', '0.000015813', 'G2', '1', '1', '1']","['0.003−0.74', 'Canopus', 'α Car', '0310', 'A9', '15', '71', '13,500']","['0.005−0.05', 'Arcturus', 'α Boo', '0037', 'K2', '1.1', '26', '170']","['0.03', 'Vega', 'α Lyr', '0025', 'A0', '2.2', '2.7', '50']"
9,"['0.000−26.74', 'Sun', '', '0.000015813', 'G2', '1', '1', '1']","['0.003−0.74', 'Canopus', 'α Car', '0310', 'A9', '15', '71', '13,500']","['0.005−0.05', 'Arcturus', 'α Boo', '0037', 'K2', '1.1', '26', '170']","['0.03', 'Vega', 'α Lyr', '0025', 'A0', '2.2', '2.7', '50']"
10,"['0.000−26.74', 'Sun', '', '0.000015813', 'G2', '1', '1', '1']","['0.003−0.74', 'Canopus', 'α Car', '0310', 'A9', '15', '71', '13,500']","['0.005−0.05', 'Arcturus', 'α Boo', '0037', 'K2', '1.1', '26', '170']","['0.03', 'Vega', 'α Lyr', '0025', 'A0', '2.2', '2.7', '50']"
11,"['0.000−26.74', 'Sun', '', '0.000015813', 'G2', '1', '1', '1']","['0.003−0.74', 'Canopus', 'α Car', '0310', 'A9', '15', '71', '13,500']","['0.005−0.05', 'Arcturus', 'α Boo', '0037', 'K2', '1.1', '26', '170']","['0.03', 'Vega', 'α Lyr', '0025', 'A0', '2.2', '2.7', '50']"
12,"['0.000−26.74', 'Sun', '', '0.000015813', 'G2', '1', '1', '1']","['0.003−0.74', 'Canopus', 'α Car', '0310', 'A9', '15', '71', '13,500']","['0.005−0.05', 'Arcturus', 'α Boo', '0037', 'K2', '1.1', '26', '170']","['0.03', 'Vega', 'α Lyr', '0025', 'A0', '2.2', '2.7', '50']"
13,"['0.000−26.74', 'Sun', '', '0.000015813', 'G2', '1', '1', '1']","['0.003−0.74', 'Canopus', 'α Car', '0310', 'A9', '15', '71', '13,500']","['0.005−0.05', 'Arcturus', 'α Boo', '0037', 'K2', '1.1', '26', '170']","['0.03', 'Vega', 'α Lyr', '0025', 'A0', '2.2', '2.7', '50']"
14,"['0.000−26.74', 'Sun', '', '0.000015813', 'G2', '1', '1', '1']","['0.003−0.74', 'Canopus', 'α Car', '0310', 'A9', '15', '71', '13,500']","['0.005−0.05', 'Arcturus', 'α Boo', '0037', 'K2', '1.1', '26', '170']","['0.03', 'Vega', 'α Lyr', '0025', 'A0', '2.2', '2.7', '50']"
15,"['0.000−26.74', 'Sun', '', '0.000015813', 'G2', '1', '1', '1']","['0.003−0.74', 'Canopus', 'α Car', '0310', 'A9', '15', '71', '13,500']","['0.005−0.05', 'Arcturus', 'α Boo', '0037', 'K2', '1.1', '26', '170']","['0.03', 'Vega', 'α Lyr', '0025', 'A0', '2.2', '2.7', '50']"
16,"['0.000−26.74', 'Sun', '', '0.000015813', 'G2', '1', '1', '1']","['0.003−0.74', 'Canopus', 'α Car', '0310', 'A9', '15', '71', '13,500']","['0.005−0.05', 'Arcturus', 'α Boo', '0037', 'K2', '1.1', '26', '170']","['0.03', 'Vega', 'α Lyr', '0025', 'A0', '2.2', '2.7', '50']"
17,"['0.000−26.74', 'Sun', '', '0.000015813', 'G2', '1', '1', '1']","['0.003−0.74', 'Canopus', 'α Car', '0310', 'A9', '15', '71', '13,500']","['0.005−0.05', 'Arcturus', 'α Boo', '0037', 'K2', '1.1', '26', '170']","['0.03', 'Vega', 'α Lyr', '0025', 'A0', '2.2', '2.7', '50']"
18,"['0.000−26.74', 'Sun', '', '0.000015813', 'G2', '1', '1', '1']","['0.003−0.74', 'Canopus', 'α Car', '0310', 'A9', '15', '71', '13,500']","['0.005−0.05', 'Arcturus', 'α Boo', '0037', 'K2', '1.1', '26', '170']","['0.03', 'Vega', 'α Lyr', '0025', 'A0', '2.2', '2.7', '50']"
19,"['0.000−26.74', 'Sun', '', '0.000015813', 'G2', '1', '1', '1']","['0.003−0.74', 'Canopus', 'α Car', '0310', 'A9', '15', '71', '13,500']","['0.005−0.05', 'Arcturus', 'α Boo', '0037', 'K2', '1.1', '26', '170']","['0.03', 'Vega', 'α Lyr', '0025', 'A0', '2.2', '2.7', '50']"
20,"['0.000−26.74', 'Sun', '', '0.000015813', 'G2', '1', '1', '1']","['0.003−0.74', 'Canopus', 'α Car', '0310', 'A9', '15', '71', '13,500']","['0.005−0.05', 'Arcturus', 'α Boo', '0037', 'K2', '1.1', '26', '170']","['0.03', 'Vega', 'α Lyr', '0025', 'A0', '2.2', '2.7', '50']"
21,"['0.000−26.74', 'Sun', '', '0.000015813', 'G2', '1', '1', '1']","['0.003−0.74', 'Canopus', 'α Car', '0310', 'A9', '15', '71', '13,500']","['0.005−0.05', 'Arcturus', 'α Boo', '0037', 'K2', '1.1', '26', '170']","['0.03', 'Vega', 'α Lyr', '0025', 'A0', '2.2', '2.7', '50']"
22,"['0.000−26.74', 'Sun', '', '0.000015813', 'G2', '1', '1', '1']","['0.003−0.74', 'Canopus', 'α Car', '0310', 'A9', '15', '71', '13,500']","['0.005−0.05', 'Arcturus', 'α Boo', '0037', 'K2', '1.1', '26', '170']","['0.03', 'Vega', 'α Lyr', '0025', 'A0', '2.2', '2.7', '50']"
23,"['0.000−26.74', 'Sun', '', '0.000015813', 'G2', '1', '1', '1']","['0.003−0.74', 'Canopus', 'α Car', '0310', 'A9', '15', '71', '13,500']","['0.005−0.05', 'Arcturus', 'α Boo', '0037', 'K2', '1.1', '26', '170']","['0.03', 'Vega', 'α Lyr', '0025', 'A0', '2.2', '2.7', '50']"
24,"['0.000−26.74', 'Sun', '', '0.000015813', 'G2', '1', '1', '1']","['0.003−0.74', 'Canopus', 'α Car', '0310', 'A9', '15', '71', '13,500']","['0.005−0.05', 'Arcturus', 'α Boo', '0037', 'K2', '1.1', '26', '170']","['0.03', 'Vega', 'α Lyr', '0025', 'A0', '2.2', '2.7', '50']"
25,"['0.000−26.74', 'Sun', '', '0.000015813', 'G2', '1', '1', '1']","['0.003−0.74', 'Canopus', 'α Car', '0310', 'A9', '15', '71', '13,500']","['0.005−0.05', 'Arcturus', 'α Boo', '0037', 'K2', '1.1', '26', '170']","['0.03', 'Vega', 'α Lyr', '0025', 'A0', '2.2', '2.7', '50']"
26,"['0.000−26.74', 'Sun', '', '0.000015813', 'G2', '1', '1', '1']","['0.003−0.74', 'Canopus', 'α Car', '0310', 'A9', '15', '71', '13,500']","['0.005−0.05', 'Arcturus', 'α Boo', '0037', 'K2', '1.1', '26', '170']","['0.03', 'Vega', 'α Lyr', '0025', 'A0', '2.2', '2.7', '50']"
27,"['0.000−26.74', 'Sun', '', '0.000015813', 'G2', '1', '1', '1']","['0.003−0.74', 'Canopus', 'α Car', '0310', 'A9', '15', '71', '13,500']","['0.005−0.05', 'Arcturus', 'α Boo', '0037', 'K2', '1.1', '26', '170']","['0.03', 'Vega', 'α Lyr', '0025', 'A0', '2.2', '2.7', '50']"
28,"['0.000−26.74', 'Sun', '', '0.000015813', 'G2', '1', '1', '1']","['0.003−0.74', 'Canopus', 'α Car', '0310', 'A9', '15', '71', '13,500']","['0.005−0.05', 'Arcturus', 'α Boo', '0037', 'K2', '1.1', '26', '170']","['0.03', 'Vega', 'α Lyr', '0025', 'A0', '2.2', '2.7', '50']"
29,"['0.000−26.74', 'Sun', '', '0.000015813', 'G2', '1', '1', '1']","['0.003−0.74', 'Canopus', 'α Car', '0310', 'A9', '15', '71', '13,500']","['0.005−0.05', 'Arcturus', 'α Boo', '0037', 'K2', '1.1', '26', '170']","['0.03', 'Vega', 'α Lyr', '0025', 'A0', '2.2', '2.7', '50']"
30,"['0.000−26.74', 'Sun', '', '0.000015813', 'G2', '1', '1', '1']","['0.003−0.74', 'Canopus', 'α Car', '0310', 'A9', '15', '71', '13,500']","['0.005−0.05', 'Arcturus', 'α Boo', '0037', 'K2', '1.1', '26', '170']","['0.03', 'Vega', 'α Lyr', '0025', 'A0', '2.2', '2.7', '50']"
31,"['0.000−26.74', 'Sun', '', '0.000015813', 'G2', '1', '1', '1']","['0.003−0.74', 'Canopus', 'α Car', '0310', 'A9', '15', '71', '13,500']","['0.005−0.05', 'Arcturus', 'α Boo', '0037', 'K2', '1.1', '26', '170']","['0.03', 'Vega', 'α Lyr', '0025', 'A0', '2.2', '2.7', '50']"
32,"['0.000−26.74', 'Sun', '', '0.000015813', 'G2', '1', '1', '1']","['0.003−0.74', 'Canopus', 'α Car', '0310', 'A9', '15', '71', '13,500']","['0.005−0.05', 'Arcturus', 'α Boo', '0037', 'K2', '1.1', '26', '170']","['0.03', 'Vega', 'α Lyr', '0025', 'A0', '2.2', '2.7', '50']"
33,"['0.000−26.74', 'Sun', '', '0.000015813', 'G2', '1', '1', '1']","['0.003−0.74', 'Canopus', 'α Car', '0310', 'A9', '15', '71', '13,500']","['0.005−0.05', 'Arcturus', 'α Boo', '0037', 'K2', '1.1', '26', '170']","['0.03', 'Vega', 'α Lyr', '0025', 'A0', '2.2', '2.7', '50']"
34,"['0.000−26.74', 'Sun', '', '0.000015813', 'G2', '1', '1', '1']","['0.003−0.74', 'Canopus', 'α Car', '0310', 'A9', '15', '71', '13,500']","['0.005−0.05', 'Arcturus', 'α Boo', '0037', 'K2', '1.1', '26', '170']","['0.03', 'Vega', 'α Lyr', '0025', 'A0', '2.2', '2.7', '50']"
35,"['0.000−26.74', 'Sun', '', '0.000015813', 'G2', '1', '1', '1']","['0.003−0.74', 'Canopus', 'α Car', '0310', 'A9', '15', '71', '13,500']","['0.005−0.05', 'Arcturus', 'α Boo', '0037', 'K2', '1.1', '26', '170']","['0.03', 'Vega', 'α Lyr', '0025', 'A0', '2.2', '2.7', '50']"
36,"['0.000−26.74', 'Sun', '', '0.000015813', 'G2', '1', '1', '1']","['0.003−0.74', 'Canopus', 'α Car', '0310', 'A9', '15', '71', '13,500']","['0.005−0.05', 'Arcturus', 'α Boo', '0037', 'K2', '1.1', '26', '170']","['0.03', 'Vega', 'α Lyr', '0025', 'A0', '2.2', '2.7', '50']"
37,"['0.000−26.74', 'Sun', '', '0.000015813', 'G2', '1', '1', '1']","['0.003−0.74', 'Canopus', 'α Car', '0310', 'A9', '15', '71', '13,500']","['0.005−0.05', 'Arcturus', 'α Boo', '0037', 'K2', '1.1', '26', '170']","['0.03', 'Vega', 'α Lyr', '0025', 'A0', '2.2', '2.7', '50']"
38,"['0.000−26.74', 'Sun', '', '0.000015813', 'G2', '1', '1', '1']","['0.003−0.74', 'Canopus', 'α Car', '0310', 'A9', '15', '71', '13,500']","['0.005−0.05', 'Arcturus', 'α Boo', '0037', 'K2', '1.1', '26', '170']","['0.03', 'Vega', 'α Lyr', '0025', 'A0', '2.2', '2.7', '50']"
39,"['0.000−26.74', 'Sun', '', '0.000015813', 'G2', '1', '1', '1']","['0.003−0.74', 'Canopus', 'α Car', '0310', 'A9', '15', '71', '13,500']","['0.005−0.05', 'Arcturus', 'α Boo', '0037', 'K2', '1.1', '26', '170']","['0.03', 'Vega', 'α Lyr', '0025', 'A0', '2.2', '2.7', '50']"
40,"['0.000−26.74', 'Sun', '', '0.000015813', 'G2', '1', '1', '1']","['0.003−0.74', 'Canopus', 'α Car', '0310', 'A9', '15', '71', '13,500']","['0.005−0.05', 'Arcturus', 'α Boo', '0037', 'K2', '1.1', '26', '170']","['0.03', 'Vega', 'α Lyr', '0025', 'A0', '2.2', '2.7', '50']"
41,"['0.000−26.74', 'Sun', '', '0.000015813', 'G2', '1', '1', '1']","['0.003−0.74', 'Canopus', 'α Car', '0310', 'A9', '15', '71', '13,500']","['0.005−0.05', 'Arcturus', 'α Boo', '0037', 'K2', '1.1', '26', '170']","['0.03', 'Vega', 'α Lyr', '0025', 'A0', '2.2', '2.7', '50']"
42,"['0.000−26.74', 'Sun', '', '0.000015813', 'G2', '1', '1', '1']","['0.003−0.74', 'Canopus', 'α Car', '0310', 'A9', '15', '71', '13,500']","['0.005−0.05', 'Arcturus', 'α Boo', '0037', 'K2', '1.1', '26', '170']","['0.03', 'Vega', 'α Lyr', '0025', 'A0', '2.2', '2.7', '50']"
43,"['0.000−26.74', 'Sun', '', '0.000015813', 'G2', '1', '1', '1']","['0.003−0.74', 'Canopus', 'α Car', '0310', 'A9', '15', '71', '13,500']","['0.005−0.05', 'Arcturus', 'α Boo', '0037', 'K2', '1.1', '26', '170']","['0.03', 'Vega', 'α Lyr', '0025', 'A0', '2.2', '2.7', '50']"
44,"['0.000−26.74', 'Sun', '', '0.000015813', 'G2', '1', '1', '1']","['0.003−0.74', 'Canopus', 'α Car', '0310', 'A9', '15', '71', '13,500']","['0.005−0.05', 'Arcturus', 'α Boo', '0037', 'K2', '1.1', '26', '170']","['0.03', 'Vega', 'α Lyr', '0025', 'A0', '2.2', '2.7', '50']"
45,"['0.000−26.74', 'Sun', '', '0.000015813', 'G2', '1', '1', '1']","['0.003−0.74', 'Canopus', 'α Car', '0310', 'A9', '15', '71', '13,500']","['0.005−0.05', 'Arcturus', 'α Boo', '0037', 'K2', '1.1', '26', '170']","['0.03', 'Vega', 'α Lyr', '0025', 'A0', '2.2', '2.7', '50']"
46,"['0.000−26.74', 'Sun', '', '0.000015813', 'G2', '1', '1', '1']","['0.003−0.74', 'Canopus', 'α Car', '0310', 'A9', '15', '71', '13,500']","['0.005−0.05', 'Arcturus', 'α Boo', '0037', 'K2', '1.1', '26', '170']","['0.03', 'Vega', 'α Lyr', '0025', 'A0', '2.2', '2.7', '50']"
47,"['0.000−26.74', 'Sun', '', '0.000015813', 'G2', '1', '1', '1']","['0.003−0.74', 'Canopus', 'α Car', '0310', 'A9', '15', '71', '13,500']","['0.005−0.05', 'Arcturus', 'α Boo', '0037', 'K2', '1.1', '26', '170']","['0.03', 'Vega', 'α Lyr', '0025', 'A0', '2.2', '2.7', '50']"
48,"['0.000−26.74', 'Sun', '', '0.000015813', 'G2', '1', '1', '1']","['0.003−0.74', 'Canopus', 'α Car', '0310', 'A9', '15', '71', '13,500']","['0.005−0.05', 'Arcturus', 'α Boo', '0037', 'K2', '1.1', '26', '170']","['0.03', 'Vega', 'α Lyr', '0025', 'A0', '2.2', '2.7', '50']"
49,"['0.000−26.74', 'Sun', '', '0.000015813', 'G2', '1', '1', '1']","['0.003−0.74', 'Canopus', 'α Car', '0310', 'A9', '15', '71', '13,500']","['0.005−0.05', 'Arcturus', 'α Boo', '0037', 'K2', '1.1', '26', '170']","['0.03', 'Vega', 'α Lyr', '0025', 'A0', '2.2', '2.7', '50']"
50,"['0.000−26.74', 'Sun', '', '0.000015813', 'G2', '1', '1', '1']","['0.003−0.74', 'Canopus', 'α Car', '0310', 'A9', '15', '71', '13,500']","['0.005−0.05', 'Arcturus', 'α Boo', '0037', 'K2', '1.1', '26', '170']","['0.03', 'Vega', 'α Lyr', '0025', 'A0', '2.2', '2.7', '50']"
51,"['0.000−26.74', 'Sun', '', '0.000015813', 'G2', '1', '1', '1']","['0.003−0.74', 'Canopus', 'α Car', '0310', 'A9', '15', '71', '13,500']","['0.005−0.05', 'Arcturus', 'α Boo', '0037', 'K2', '1.1', '26', '170']","['0.03', 'Vega', 'α Lyr', '0025', 'A0', '2.2', '2.7', '50']"
52,"['0.000−26.74', 'Sun', '', '0.000015813', 'G2', '1', '1', '1']","['0.003−0.74', 'Canopus', 'α Car', '0310', 'A9', '15', '71', '13,500']","['0.005−0.05', 'Arcturus', 'α Boo', '0037', 'K2', '1.1', '26', '170']","['0.03', 'Vega', 'α Lyr', '0025', 'A0', '2.2', '2.7', '50']"
53,"['0.000−26.74', 'Sun', '', '0.000015813', 'G2', '1', '1', '1']","['0.003−0.74', 'Canopus', 'α Car', '0310', 'A9', '15', '71', '13,500']","['0.005−0.05', 'Arcturus', 'α Boo', '0037', 'K2', '1.1', '26', '170']","['0.03', 'Vega', 'α Lyr', '0025', 'A0', '2.2', '2.7', '50']"
54,"['0.000−26.74', 'Sun', '', '0.000015813', 'G2', '1', '1', '1']","['0.003−0.74', 'Canopus', 'α Car', '0310', 'A9', '15', '71', '13,500']","['0.005−0.05', 'Arcturus', 'α Boo', '0037', 'K2', '1.1', '26', '170']","['0.03', 'Vega', 'α Lyr', '0025', 'A0', '2.2', '2.7', '50']"
55,"['0.000−26.74', 'Sun', '', '0.000015813', 'G2', '1', '1', '1']","['0.003−0.74', 'Canopus', 'α Car', '0310', 'A9', '15', '71', '13,500']","['0.005−0.05', 'Arcturus', 'α Boo', '0037', 'K2', '1.1', '26', '170']","['0.03', 'Vega', 'α Lyr', '0025', 'A0', '2.2', '2.7', '50']"
56,"['0.000−26.74', 'Sun', '', '0.000015813', 'G2', '1', '1', '1']","['0.003−0.74', 'Canopus', 'α Car', '0310', 'A9', '15', '71', '13,500']","['0.005−0.05', 'Arcturus', 'α Boo', '0037', 'K2', '1.1', '26', '170']","['0.03', 'Vega', 'α Lyr', '0025', 'A0', '2.2', '2.7', '50']"
57,"['0.000−26.74', 'Sun', '', '0.000015813', 'G2', '1', '1', '1']","['0.003−0.74', 'Canopus', 'α Car', '0310', 'A9', '15', '71', '13,500']","['0.005−0.05', 'Arcturus', 'α Boo', '0037', 'K2', '1.1', '26', '170']","['0.03', 'Vega', 'α Lyr', '0025', 'A0', '2.2', '2.7', '50']"
58,"['0.000−26.74', 'Sun', '', '0.000015813', 'G2', '1', '1', '1']","['0.003−0.74', 'Canopus', 'α Car', '0310', 'A9', '15', '71', '13,500']","['0.005−0.05', 'Arcturus', 'α Boo', '0037', 'K2', '1.1', '26', '170']","['0.03', 'Vega', 'α Lyr', '0025', 'A0', '2.2', '2.7', '50']"
59,"['0.000−26.74', 'Sun', '', '0.000015813', 'G2', '1', '1', '1']","['0.003−0.74', 'Canopus', 'α Car', '0310', 'A9', '15', '71', '13,500']","['0.005−0.05', 'Arcturus', 'α Boo', '0037', 'K2', '1.1', '26', '170']","['0.03', 'Vega', 'α Lyr', '0025', 'A0', '2.2', '2.7', '50']"
60,"['0.000−26.74', 'Sun', '', '0.000015813', 'G2', '1', '1', '1']","['0.003−0.74', 'Canopus', 'α Car', '0310', 'A9', '15', '71', '13,500']","['0.005−0.05', 'Arcturus', 'α Boo', '0037', 'K2', '1.1', '26', '170']","['0.03', 'Vega', 'α Lyr', '0025', 'A0', '2.2', '2.7', '50']"
61,"['0.000−26.74', 'Sun', '', '0.000015813', 'G2', '1', '1', '1']","['0.003−0.74', 'Canopus', 'α Car', '0310', 'A9', '15', '71', '13,500']","['0.005−0.05', 'Arcturus', 'α Boo', '0037', 'K2', '1.1', '26', '170']","['0.03', 'Vega', 'α Lyr', '0025', 'A0', '2.2', '2.7', '50']"
62,"['0.000−26.74', 'Sun', '', '0.000015813', 'G2', '1', '1', '1']","['0.003−0.74', 'Canopus', 'α Car', '0310', 'A9', '15', '71', '13,500']","['0.005−0.05', 'Arcturus', 'α Boo', '0037', 'K2', '1.1', '26', '170']","['0.03', 'Vega', 'α Lyr', '0025', 'A0', '2.2', '2.7', '50']"
63,"['0.000−26.74', 'Sun', '', '0.000015813', 'G2', '1', '1', '1']","['0.003−0.74', 'Canopus', 'α Car', '0310', 'A9', '15', '71', '13,500']","['0.005−0.05', 'Arcturus', 'α Boo', '0037', 'K2', '1.1', '26', '170']","['0.03', 'Vega', 'α Lyr', '0025', 'A0', '2.2', '2.7', '50']"
64,"['0.000−26.74', 'Sun', '', '0.000015813', 'G2', '1', '1', '1']","['0.003−0.74', 'Canopus', 'α Car', '0310', 'A9', '15', '71', '13,500']","['0.005−0.05', 'Arcturus', 'α Boo', '0037', 'K2', '1.1', '26', '170']","['0.03', 'Vega', 'α Lyr', '0025', 'A0', '2.2', '2.7', '50']"
65,"['0.000−26.74', 'Sun', '', '0.000015813', 'G2', '1', '1', '1']","['0.003−0.74', 'Canopus', 'α Car', '0310', 'A9', '15', '71', '13,500']","['0.005−0.05', 'Arcturus', 'α Boo', '0037', 'K2', '1.1', '26', '170']","['0.03', 'Vega', 'α Lyr', '0025', 'A0', '2.2', '2.7', '50']"
66,"['0.000−26.74', 'Sun', '', '0.000015813', 'G2', '1', '1', '1']","['0.003−0.74', 'Canopus', 'α Car', '0310', 'A9', '15', '71', '13,500']","['0.005−0.05', 'Arcturus', 'α Boo', '0037', 'K2', '1.1', '26', '170']","['0.03', 'Vega', 'α Lyr', '0025', 'A0', '2.2', '2.7', '50']"
67,"['0.000−26.74', 'Sun', '', '0.000015813', 'G2', '1', '1', '1']","['0.003−0.74', 'Canopus', 'α Car', '0310', 'A9', '15', '71', '13,500']","['0.005−0.05', 'Arcturus', 'α Boo', '0037', 'K2', '1.1', '26', '170']","['0.03', 'Vega', 'α Lyr', '0025', 'A0', '2.2', '2.7', '50']"
68,"['0.000−26.74', 'Sun', '', '0.000015813', 'G2', '1', '1', '1']","['0.003−0.74', 'Canopus', 'α Car', '0310', 'A9', '15', '71', '13,500']","['0.005−0.05', 'Arcturus', 'α Boo', '0037', 'K2', '1.1', '26', '170']","['0.03', 'Vega', 'α Lyr', '0025', 'A0', '2.2', '2.7', '50']"
69,"['0.000−26.74', 'Sun', '', '0.000015813', 'G2', '1', '1', '1']","['0.003−0.74', 'Canopus', 'α Car', '0310', 'A9', '15', '71', '13,500']","['0.005−0.05', 'Arcturus', 'α Boo', '0037', 'K2', '1.1', '26', '170']","['0.03', 'Vega', 'α Lyr', '0025', 'A0', '2.2', '2.7', '50']"
70,"['0.000−26.74', 'Sun', '', '0.000015813', 'G2', '1', '1', '1']","['0.003−0.74', 'Canopus', 'α Car', '0310', 'A9', '15', '71', '13,500']","['0.005−0.05', 'Arcturus', 'α Boo', '0037', 'K2', '1.1', '26', '170']","['0.03', 'Vega', 'α Lyr', '0025', 'A0', '2.2', '2.7', '50']"
71,"['0.000−26.74', 'Sun', '', '0.000015813', 'G2', '1', '1', '1']","['0.003−0.74', 'Canopus', 'α Car', '0310', 'A9', '15', '71', '13,500']","['0.005−0.05', 'Arcturus', 'α Boo', '0037', 'K2', '1.1', '26', '170']","['0.03', 'Vega', 'α Lyr', '0025', 'A0', '2.2', '2.7', '50']"
72,"['0.000−26.74', 'Sun', '', '0.000015813', 'G2', '1', '1', '1']","['0.003−0.74', 'Canopus', 'α Car', '0310', 'A9', '15', '71', '13,500']","['0.005−0.05', 'Arcturus', 'α Boo', '0037', 'K2', '1.1', '26', '170']","['0.03', 'Vega', 'α Lyr', '0025', 'A0', '2.2', '2.7', '50']"
73,"['0.000−26.74', 'Sun', '', '0.000015813', 'G2', '1', '1', '1']","['0.003−0.74', 'Canopus', 'α Car', '0310', 'A9', '15', '71', '13,500']","['0.005−0.05', 'Arcturus', 'α Boo', '0037', 'K2', '1.1', '26', '170']","['0.03', 'Vega', 'α Lyr', '0025', 'A0', '2.2', '2.7', '50']"
74,"['0.000−26.74', 'Sun', '', '0.000015813', 'G2', '1', '1', '1']","['0.003−0.74', 'Canopus', 'α Car', '0310', 'A9', '15', '71', '13,500']","['0.005−0.05', 'Arcturus', 'α Boo', '0037', 'K2', '1.1', '26', '170']","['0.03', 'Vega', 'α Lyr', '0025', 'A0', '2.2', '2.7', '50']"
75,"['0.000−26.74', 'Sun', '', '0.000015813', 'G2', '1', '1', '1']","['0.003−0.74', 'Canopus', 'α Car', '0310', 'A9', '15', '71', '13,500']","['0.005−0.05', 'Arcturus', 'α Boo', '0037', 'K2', '1.1', '26', '170']","['0.03', 'Vega', 'α Lyr', '0025', 'A0', '2.2', '2.7', '50']"
76,"['0.000−26.74', 'Sun', '', '0.000015813', 'G2', '1', '1', '1']","['0.003−0.74', 'Canopus', 'α Car', '0310', 'A9', '15', '71', '13,500']","['0.005−0.05', 'Arcturus', 'α Boo', '0037', 'K2', '1.1', '26', '170']","['0.03', 'Vega', 'α Lyr', '0025', 'A0', '2.2', '2.7', '50']"
77,"['0.000−26.74', 'Sun', '', '0.000015813', 'G2', '1', '1', '1']","['0.003−0.74', 'Canopus', 'α Car', '0310', 'A9', '15', '71', '13,500']","['0.005−0.05', 'Arcturus', 'α Boo', '0037', 'K2', '1.1', '26', '170']","['0.03', 'Vega', 'α Lyr', '0025', 'A0', '2.2', '2.7', '50']"
78,"['0.000−26.74', 'Sun', '', '0.000015813', 'G2', '1', '1', '1']","['0.003−0.74', 'Canopus', 'α Car', '0310', 'A9', '15', '71', '13,500']","['0.005−0.05', 'Arcturus', 'α Boo', '0037', 'K2', '1.1', '26', '170']","['0.03', 'Vega', 'α Lyr', '0025', 'A0', '2.2', '2.7', '50']"
79,"['0.000−26.74', 'Sun', '', '0.000015813', 'G2', '1', '1', '1']","['0.003−0.74', 'Canopus', 'α Car', '0310', 'A9', '15', '71', '13,500']","['0.005−0.05', 'Arcturus', 'α Boo', '0037', 'K2', '1.1', '26', '170']","['0.03', 'Vega', 'α Lyr', '0025', 'A0', '2.2', '2.7', '50']"
80,"['0.000−26.74', 'Sun', '', '0.000015813', 'G2', '1', '1', '1']","['0.003−0.74', 'Canopus', 'α Car', '0310', 'A9', '15', '71', '13,500']","['0.005−0.05', 'Arcturus', 'α Boo', '0037', 'K2', '1.1', '26', '170']","['0.03', 'Vega', 'α Lyr', '0025', 'A0', '2.2', '2.7', '50']"
81,"['0.000−26.74', 'Sun', '', '0.000015813', 'G2', '1', '1', '1']","['0.003−0.74', 'Canopus', 'α Car', '0310', 'A9', '15', '71', '13,500']","['0.005−0.05', 'Arcturus', 'α Boo', '0037', 'K2', '1.1', '26', '170']","['0.03', 'Vega', 'α Lyr', '0025', 'A0', '2.2', '2.7', '50']"
82,"['0.000−26.74', 'Sun', '', '0.000015813', 'G2', '1', '1', '1']","['0.003−0.74', 'Canopus', 'α Car', '0310', 'A9', '15', '71', '13,500']","['0.005−0.05', 'Arcturus', 'α Boo', '0037', 'K2', '1.1', '26', '170']","['0.03', 'Vega', 'α Lyr', '0025', 'A0', '2.2', '2.7', '50']"
83,"['0.000−26.74', 'Sun', '', '0.000015813', 'G2', '1', '1', '1']","['0.003−0.74', 'Canopus', 'α Car', '0310', 'A9', '15', '71', '13,500']","['0.005−0.05', 'Arcturus', 'α Boo', '0037', 'K2', '1.1', '26', '170']","['0.03', 'Vega', 'α Lyr', '0025', 'A0', '2.2', '2.7', '50']"
84,"['0.000−26.74', 'Sun', '', '0.000015813', 'G2', '1', '1', '1']","['0.003−0.74', 'Canopus', 'α Car', '0310', 'A9', '15', '71', '13,500']","['0.005−0.05', 'Arcturus', 'α Boo', '0037', 'K2', '1.1', '26', '170']","['0.03', 'Vega', 'α Lyr', '0025', 'A0', '2.2', '2.7', '50']"
85,"['0.000−26.74', 'Sun', '', '0.000015813', 'G2', '1', '1', '1']","['0.003−0.74', 'Canopus', 'α Car', '0310', 'A9', '15', '71', '13,500']","['0.005−0.05', 'Arcturus', 'α Boo', '0037', 'K2', '1.1', '26', '170']","['0.03', 'Vega', 'α Lyr', '0025', 'A0', '2.2', '2.7', '50']"
86,"['0.000−26.74', 'Sun', '', '0.000015813', 'G2', '1', '1', '1']","['0.003−0.74', 'Canopus', 'α Car', '0310', 'A9', '15', '71', '13,500']","['0.005−0.05', 'Arcturus', 'α Boo', '0037', 'K2', '1.1', '26', '170']","['0.03', 'Vega', 'α Lyr', '0025', 'A0', '2.2', '2.7', '50']"
87,"['0.000−26.74', 'Sun', '', '0.000015813', 'G2', '1', '1', '1']","['0.003−0.74', 'Canopus', 'α Car', '0310', 'A9', '15', '71', '13,500']","['0.005−0.05', 'Arcturus', 'α Boo', '0037', 'K2', '1.1', '26', '170']","['0.03', 'Vega', 'α Lyr', '0025', 'A0', '2.2', '2.7', '50']"
88,"['0.000−26.74', 'Sun', '', '0.000015813', 'G2', '1', '1', '1']","['0.003−0.74', 'Canopus', 'α Car', '0310', 'A9', '15', '71', '13,500']","['0.005−0.05', 'Arcturus', 'α Boo', '0037', 'K2', '1.1', '26', '170']","['0.03', 'Vega', 'α Lyr', '0025', 'A0', '2.2', '2.7', '50']"
89,"['0.000−26.74', 'Sun', '', '0.000015813', 'G2', '1', '1', '1']","['0.003−0.74', 'Canopus', 'α Car', '0310', 'A9', '15', '71', '13,500']","['0.005−0.05', 'Arcturus', 'α Boo', '0037', 'K2', '1.1', '26', '170']","['0.03', 'Vega', 'α Lyr', '0025', 'A0', '2.2', '2.7', '50']"
90,"['0.000−26.74', 'Sun', '', '0.000015813', 'G2', '1', '1', '1']","['0.003−0.74', 'Canopus', 'α Car', '0310', 'A9', '15', '71', '13,500']","['0.005−0.05', 'Arcturus', 'α Boo', '0037', 'K2', '1.1', '26', '170']","['0.03', 'Vega', 'α Lyr', '0025', 'A0', '2.2', '2.7', '50']"
91,"['0.000−26.74', 'Sun', '', '0.000015813', 'G2', '1', '1', '1']","['0.003−0.74', 'Canopus', 'α Car', '0310', 'A9', '15', '71', '13,500']","['0.005−0.05', 'Arcturus', 'α Boo', '0037', 'K2', '1.1', '26', '170']","['0.03', 'Vega', 'α Lyr', '0025', 'A0', '2.2', '2.7', '50']"
92,"['0.000−26.74', 'Sun', '', '0.000015813', 'G2', '1', '1', '1']","['0.003−0.74', 'Canopus', 'α Car', '0310', 'A9', '15', '71', '13,500']","['0.005−0.05', 'Arcturus', 'α Boo', '0037', 'K2', '1.1', '26', '170']","['0.03', 'Vega', 'α Lyr', '0025', 'A0', '2.2', '2.7', '50']"
93,"['0.000−26.74', 'Sun', '', '0.000015813', 'G2', '1', '1', '1']","['0.003−0.74', 'Canopus', 'α Car', '0310', 'A9', '15', '71', '13,500']","['0.005−0.05', 'Arcturus', 'α Boo', '0037', 'K2', '1.1', '26', '170']","['0.03', 'Vega', 'α Lyr', '0025', 'A0', '2.2', '2.7', '50']"
94,"['0.000−26.74', 'Sun', '', '0.000015813', 'G2', '1', '1', '1']","['0.003−0.74', 'Canopus', 'α Car', '0310', 'A9', '15', '71', '13,500']","['0.005−0.05', 'Arcturus', 'α Boo', '0037', 'K2', '1.1', '26', '170']","['0.03', 'Vega', 'α Lyr', '0025', 'A0', '2.2', '2.7', '50']"
95,"['0.000−26.74', 'Sun', '', '0.000015813', 'G2', '1', '1', '1']","['0.003−0.74', 'Canopus', 'α Car', '0310', 'A9', '15', '71', '13,500']","['0.005−0.05', 'Arcturus', 'α Boo', '0037', 'K2', '1.1', '26', '170']","['0.03', 'Vega', 'α Lyr', '0025', 'A0', '2.2', '2.7', '50']"
96,"['0.000−26.74', 'Sun', '', '0.000015813', 'G2', '1', '1', '1']","['0.003−0.74', 'Canopus', 'α Car', '0310', 'A9', '15', '71', '13,500']","['0.005−0.05', 'Arcturus', 'α Boo', '0037', 'K2', '1.1', '26', '170']","['0.03', 'Vega', 'α Lyr', '0025', 'A0', '2.2', '2.7', '50']"
